Pair,EMD IDs,n (matched Cα),Median RMSD (Å),"ρ(RMSD, Δreliability)",Coverage Flag
GroEL-GroES ADP (tight) / GroEL-GroES ADP (turnover),EMD-13308 vs EMD-16119,7987,40.22,-0.09,Yes
TRPV1 pH 6a / TRPV1 pH 6c,EMD-23129 vs EMD-23130,2112,55.36,-0.27,No
70S pre-translocation (E. coli) / 70S post-translocation (E. coli),EMD-24120 vs EMD-25418,3838,103.81,-0.08,Yes
Eag1 voltage sensor down / Eag1 voltage sensor up,EMD-28498 vs EMD-28487,3372,7.26,-0.10,No
MsbA outward-facing / MsbA inward-facing,EMD-41596 vs EMD-41598,1146,17.99,-0.34,No
beta2AR inactive (carazolol) / beta2AR apo,EMD-45604 vs EMD-45603,871,1.11,-0.13,No
MgtA (E2.Mg.BeF3) / MgtA (E2P.Mg),EMD-48923 vs EMD-48534,888,13.41,-0.24,Yes
ClpB WT-1 (ATPgammaS) / ClpB WT-2A (ATPgammaS),EMD-4940 vs EMD-4941,4129,1.68,+0.01,Yes
MgtA (E2P+E1) / MgtA (E2P.Mg),EMD-49450 vs EMD-48534,888,46.19,-0.42,Yes
MgtA (E2P+E1) / MgtA (E2.Mg.BeF3),EMD-49450 vs EMD-48923,1778,55.53,+0.13,Yes
